symbol,name,fetch_timestamp,price,open,high,low,prev_close,price_change,price_change_pct,volume,quote_volume,trades_count,weighted_avg,price_range,volatility_pct,trade_intensity,vwap_deviation,volatility_label,market_signal
BTCUSDT,Bitcoin,2026-03-15T16:08:59.343226,71712.07,70657.48,71940.49,70500.0,70657.47,1054.59,1.493,11215.385,798570330.47,1703681,71203.11319,1440.49,2.0387,468.7323,0.7148,Medium,Buy
ETHUSDT,Ethereum,2026-03-15T16:08:59.343226,2117.83,2069.62,2123.44,2069.19,2069.62,48.21,2.329,130210.4978,272611501.62,1455973,2093.62153,54.25,2.6213,187.2366,1.1563,Medium,Strong Buy
BNBUSDT,Binance Coin,2026-03-15T16:08:59.343226,662.69,652.07,666.55,651.85,652.07,10.62,1.629,52130.659,34276941.15,455957,657.519813,14.7,2.2544,75.1758,0.7863,Medium,Buy
SOLUSDT,Solana,2026-03-15T16:08:59.343226,88.36,86.79,88.88,86.62,86.79,1.57,1.809,1378499.94,120925375.45,451869,87.722438,2.26,2.604,267.6116,0.7268,Medium,Buy
XRPUSDT,XRP,2026-03-15T16:08:59.343226,1.4159,1.3918,1.4211,1.3871,1.3918,0.0241,1.732,54135884.4,75992145.98,293805,1.40373,0.034,2.4429,258.6482,0.867,Medium,Buy
DOGEUSDT,Dogecoin,2026-03-15T16:08:59.343226,0.09614,0.09479,0.09746,0.09436,0.0948,0.00135,1.424,622241459.0,59568545.87,402858,0.095732,0.0031,3.2704,147.8649,0.4262,High,Buy
ADAUSDT,Cardano,2026-03-15T16:08:59.343226,0.2656,0.2603,0.2673,0.2585,0.2603,0.0053,2.036,78598376.8,20624957.55,82363,0.262409,0.0088,3.3807,250.4153,1.216,High,Strong Buy
AVAXUSDT,Avalanche,2026-03-15T16:08:59.343226,9.81,9.56,9.87,9.54,9.56,0.25,2.615,926383.61,8968248.31,32333,9.680923,0.33,3.4519,277.3714,1.3333,High,Strong Buy
SHIBUSDT,Shiba Inu,2026-03-15T16:08:59.343226,6e-06,6e-06,6e-06,6e-06,6e-06,-0.0,-0.679,470266883548.0,2760812.26,73908,6e-06,0.0,,37.3547,0.0,Unknown,Sell
DOTUSDT,Polkadot,2026-03-15T16:08:59.343226,1.429,1.439,1.444,1.392,1.439,-0.01,-0.695,5456237.62,7739911.36,33795,1.418544,0.052,3.6136,229.0253,0.7371,High,Sell
BTCUSDT,Bitcoin,2026-03-15T16:10:04.949859,71702.01,70677.81,71940.49,70500.0,70677.8,1024.2,1.449,11216.7617,798672991.14,1704197,71203.526758,1440.49,2.0381,468.6506,0.7001,Medium,Buy
ETHUSDT,Ethereum,2026-03-15T16:10:04.949859,2117.43,2070.33,2123.44,2069.19,2070.33,47.1,2.275,130162.2922,272513489.67,1456629,2093.643905,54.25,2.6204,187.085,1.1361,Medium,Strong Buy
BNBUSDT,Binance Coin,2026-03-15T16:10:04.949859,662.28,652.19,666.55,651.85,652.19,10.09,1.547,52184.455,34312682.56,456257,657.526893,14.7,2.2539,75.2047,0.7229,Medium,Buy
SOLUSDT,Solana,2026-03-15T16:10:04.949859,88.33,86.81,88.88,86.62,86.82,1.52,1.751,1379358.453,121001820.65,452181,87.72326,2.26,2.6034,267.596,0.6917,Medium,Buy
XRPUSDT,XRP,2026-03-15T16:10:04.949859,1.415,1.3917,1.4211,1.3871,1.3917,0.0233,1.674,54155904.4,76020695.39,293953,1.403738,0.034,2.4431,258.6151,0.8023,Medium,Buy
DOGEUSDT,Dogecoin,2026-03-15T16:10:04.949859,0.09609,0.0948,0.09746,0.09436,0.0948,0.00129,1.361,622269561.0,59572088.26,403003,0.095734,0.0031,3.27,147.8205,0.3719,High,Buy
ADAUSDT,Cardano,2026-03-15T16:10:04.949859,0.2655,0.2603,0.2673,0.2585,0.2603,0.0052,1.998,78581266.3,20620546.47,82350,0.26241,0.0088,3.3807,250.4013,1.1775,High,Buy
AVAXUSDT,Avalanche,2026-03-15T16:10:04.949859,9.8,9.57,9.87,9.54,9.56,0.23,2.403,926688.41,8971238.17,32341,9.680965,0.33,3.4483,277.3952,1.2296,High,Strong Buy
SHIBUSDT,Shiba Inu,2026-03-15T16:10:04.949859,6e-06,6e-06,6e-06,6e-06,6e-06,-0.0,-0.678,470282811403.0,2760904.98,73914,6e-06,0.0,,37.3529,0.0,Unknown,Sell
DOTUSDT,Polkadot,2026-03-15T16:10:04.949859,1.428,1.439,1.444,1.392,1.439,-0.011,-0.764,5457220.06,7741314.47,33813,1.418545,0.052,3.6136,228.9449,0.6665,High,Sell
BTCUSDT,Bitcoin,2026-03-15T16:15:05.546000,71718.47,70671.2,71940.49,70500.0,70671.2,1047.27,1.482,11227.6794,799473827.7,1704803,71205.615789,1440.49,2.0383,468.9538,0.7202,Medium,Buy
ETHUSDT,Ethereum,2026-03-15T16:15:05.546000,2118.32,2070.42,2123.44,2069.19,2070.42,47.9,2.314,130027.0436,272239590.34,1456610,2093.715144,54.25,2.6202,186.8994,1.1752,Medium,Strong Buy
BNBUSDT,Binance Coin,2026-03-15T16:15:05.546000,662.42,652.07,666.55,651.85,652.07,10.35,1.587,52164.571,34301027.89,456772,657.554107,14.7,2.2544,75.0944,0.74,Medium,Buy
SOLUSDT,Solana,2026-03-15T16:15:05.546000,88.37,86.79,88.88,86.62,86.8,1.58,1.82,1378158.525,120900242.07,451996,87.725933,2.26,2.604,267.4808,0.7342,Medium,Buy
XRPUSDT,XRP,2026-03-15T16:15:05.546000,1.4153,1.3918,1.4211,1.3871,1.3917,0.0235,1.688,54118792.9,75971679.87,294241,1.403795,0.034,2.4429,258.1954,0.8196,Medium,Buy
DOGEUSDT,Dogecoin,2026-03-15T16:15:05.546000,0.09613,0.09473,0.09746,0.09436,0.09473,0.0014,1.478,621388528.0,59489416.5,402785,0.095736,0.0031,3.2725,147.6952,0.4115,High,Buy
ADAUSDT,Cardano,2026-03-15T16:15:05.546000,0.2659,0.2604,0.2673,0.2585,0.2603,0.0055,2.112,78478259.3,20594167.05,82385,0.262419,0.0088,3.3794,249.9747,1.3265,High,Strong Buy
AVAXUSDT,Avalanche,2026-03-15T16:15:05.546000,9.8,9.55,9.87,9.54,9.55,0.25,2.618,930632.0,9010176.59,32349,9.681782,0.33,3.4555,278.5303,1.221,High,Strong Buy
SHIBUSDT,Shiba Inu,2026-03-15T16:15:05.546000,6e-06,6e-06,6e-06,6e-06,6e-06,-0.0,-0.509,468853128553.0,2752480.59,73784,6e-06,0.0,,37.3046,0.0,Unknown,Sell
DOTUSDT,Polkadot,2026-03-15T16:15:05.546000,1.43,1.438,1.444,1.392,1.439,-0.008,-0.556,5459825.07,7745006.72,33876,1.418545,0.052,3.6161,228.6281,0.8075,High,Sell
BTCUSDT,Bitcoin,2026-03-15T16:20:04.946134,71757.0,70657.33,71940.49,70500.0,70657.33,1099.67,1.556,11233.7875,799945573.48,1708912,71208.893189,1440.49,2.0387,468.1023,0.7697,Medium,Buy
ETHUSDT,Ethereum,2026-03-15T16:20:04.946134,2118.4,2070.0,2123.44,2069.19,2070.01,48.4,2.338,130100.5559,272406856.22,1457937,2093.817773,54.25,2.6208,186.8441,1.174,Medium,Strong Buy
BNBUSDT,Binance Coin,2026-03-15T16:20:04.946134,662.09,652.11,666.55,651.85,652.11,9.98,1.53,52392.547,34452814.47,458297,657.58999,14.7,2.2542,75.1757,0.6843,Medium,Buy
SOLUSDT,Solana,2026-03-15T16:20:04.946134,88.34,86.76,88.88,86.62,86.75,1.58,1.821,1377299.446,120832708.97,452309,87.731618,2.26,2.6049,267.1464,0.6935,Medium,Buy
XRPUSDT,XRP,2026-03-15T16:20:04.946134,1.4161,1.3915,1.4211,1.3871,1.3914,0.0246,1.768,54219384.7,76116403.98,294734,1.40386,0.034,2.4434,258.2546,0.8719,Medium,Buy
DOGEUSDT,Dogecoin,2026-03-15T16:20:04.946134,0.09615,0.09476,0.09746,0.09436,0.09476,0.00139,1.467,621620421.0,59513796.85,402841,0.09574,0.0031,3.2714,147.7352,0.4282,High,Buy
ADAUSDT,Cardano,2026-03-15T16:20:04.946134,0.2659,0.2603,0.2673,0.2585,0.2603,0.0056,2.151,78518780.5,20606364.88,82553,0.262439,0.0088,3.3807,249.6138,1.3188,High,Strong Buy
AVAXUSDT,Avalanche,2026-03-15T16:20:04.946134,9.81,9.55,9.87,9.54,9.55,0.26,2.723,931813.16,9021955.41,32405,9.682151,0.33,3.4555,278.4124,1.3205,High,Strong Buy
SHIBUSDT,Shiba Inu,2026-03-15T16:20:04.946134,6e-06,6e-06,6e-06,6e-06,6e-06,-0.0,-0.17,470798625557.0,2763810.64,74040,6e-06,0.0,,37.3286,0.0,Unknown,Sell
DOTUSDT,Polkadot,2026-03-15T16:20:04.946134,1.429,1.438,1.444,1.392,1.438,-0.009,-0.626,5484666.23,7780495.88,33939,1.418591,0.052,3.6161,229.2494,0.7338,High,Sell
BTCUSDT,Bitcoin,2026-03-15T16:25:06.504307,71754.62,70673.06,71940.49,70500.0,70673.06,1081.56,1.53,11229.4684,799666908.27,1708948,71211.466288,1440.49,2.0382,467.9293,0.7627,Medium,Buy
ETHUSDT,Ethereum,2026-03-15T16:25:06.504307,2118.37,2070.59,2123.44,2069.19,2070.59,47.78,2.308,129512.845,271196091.32,1455349,2093.970612,54.25,2.62,186.3444,1.1652,Medium,Strong Buy
BNBUSDT,Binance Coin,2026-03-15T16:25:06.504307,661.86,652.19,666.55,651.85,652.19,9.67,1.483,52500.018,34525426.42,459370,657.626944,14.7,2.2539,75.1582,0.6437,Medium,Buy
SOLUSDT,Solana,2026-03-15T16:25:06.504307,88.33,86.85,88.88,86.62,86.85,1.48,1.704,1364252.471,119703837.58,450787,87.743171,2.26,2.6022,265.5441,0.6688,Medium,Buy
XRPUSDT,XRP,2026-03-15T16:25:06.504307,1.4162,1.3923,1.4211,1.3871,1.3922,0.0239,1.717,54234609.2,76139964.54,294687,1.4039,0.034,2.442,258.3757,0.8761,Medium,Buy
DOGEUSDT,Dogecoin,2026-03-15T16:25:06.504307,0.09622,0.09488,0.09746,0.09436,0.09489,0.00134,1.412,620070184.0,59367897.87,402469,0.095744,0.0031,3.2673,147.5092,0.4972,High,Buy
ADAUSDT,Cardano,2026-03-15T16:25:06.504307,0.2658,0.2605,0.2673,0.2585,0.2605,0.0053,2.035,78349953.1,20562621.39,82443,0.262446,0.0088,3.3781,249.4162,1.278,High,Strong Buy
AVAXUSDT,Avalanche,2026-03-15T16:25:06.504307,9.82,9.57,9.87,9.54,9.56,0.25,2.612,931113.48,9016113.35,32437,9.683152,0.33,3.4483,277.9577,1.4133,High,Strong Buy
SHIBUSDT,Shiba Inu,2026-03-15T16:25:06.504307,6e-06,6e-06,6e-06,6e-06,6e-06,-0.0,-0.34,472191205357.0,2771965.09,74125,6e-06,0.0,,37.3958,0.0,Unknown,Sell
DOTUSDT,Polkadot,2026-03-15T16:25:06.504307,1.431,1.439,1.444,1.392,1.439,-0.008,-0.556,5487443.93,7784427.32,33942,1.418589,0.052,3.6136,229.345,0.8749,High,Sell
BTCUSDT,Bitcoin,2026-03-15T16:30:05.528204,71688.66,70649.43,71940.49,70500.0,70649.43,1039.23,1.471,11168.9697,795411649.69,1707712,71216.206436,1440.49,2.0389,465.7762,0.6634,Medium,Buy
ETHUSDT,Ethereum,2026-03-15T16:30:05.528204,2116.01,2073.42,2123.44,2069.19,2073.42,42.59,2.054,128843.5607,269815544.38,1449840,2094.132938,54.25,2.6165,186.1002,1.0447,Medium,Strong Buy
BNBUSDT,Binance Coin,2026-03-15T16:30:05.528204,661.4,652.66,666.55,651.85,652.67,8.74,1.339,52369.795,34441746.15,458704,657.66433,14.7,2.2523,75.0849,0.568,Medium,Buy
SOLUSDT,Solana,2026-03-15T16:30:05.528204,88.27,86.91,88.88,86.62,86.91,1.36,1.565,1364063.206,119693493.26,450414,87.747762,2.26,2.6004,265.7411,0.5952,Medium,Buy
XRPUSDT,XRP,2026-03-15T16:30:05.528204,1.4152,1.3918,1.4211,1.3871,1.3917,0.0234,1.681,54128795.7,75994895.78,294149,1.403964,0.034,2.4429,258.3551,0.8003,Medium,Buy
DOGEUSDT,Dogecoin,2026-03-15T16:30:05.528204,0.0962,0.09494,0.09746,0.09436,0.09495,0.00126,1.327,618464950.0,59216716.47,401344,0.095748,0.0031,3.2652,147.546,0.4721,High,Buy
ADAUSDT,Cardano,2026-03-15T16:30:05.528204,0.2657,0.2606,0.2673,0.2585,0.2606,0.0051,1.957,78211626.6,20526798.93,82409,0.262452,0.0088,3.3768,249.0844,1.2376,High,Buy
AVAXUSDT,Avalanche,2026-03-15T16:30:05.528204,9.81,9.56,9.87,9.54,9.56,0.25,2.615,926818.34,8975465.09,32311,9.684169,0.33,3.4519,277.7836,1.2993,High,Strong Buy
SHIBUSDT,Shiba Inu,2026-03-15T16:30:05.528204,6e-06,6e-06,6e-06,6e-06,6e-06,-0.0,-0.509,469417482249.0,2755602.71,73679,6e-06,0.0,,37.4001,0.0,Unknown,Sell
DOTUSDT,Polkadot,2026-03-15T16:30:05.528204,1.432,1.441,1.444,1.392,1.441,-0.009,-0.625,5510177.29,7816890.94,34079,1.418628,0.052,3.6086,229.3756,0.9426,High,Sell
BTCUSDT,Bitcoin,2026-03-15T16:35:05.629163,71720.94,70681.16,71940.49,70500.0,70681.15,1039.78,1.471,11155.3164,794487578.42,1707140,71220.532941,1440.49,2.038,465.391,0.7026,Medium,Buy
ETHUSDT,Ethereum,2026-03-15T16:35:05.629163,2116.39,2074.07,2123.44,2069.19,2074.06,42.32,2.04,128614.4947,269347103.82,1447477,2094.220441,54.25,2.6156,186.0804,1.0586,Medium,Strong Buy
BNBUSDT,Binance Coin,2026-03-15T16:35:05.629163,661.39,652.76,666.55,651.85,652.76,8.63,1.322,52551.683,34562728.24,458683,657.690225,14.7,2.252,75.3521,0.5625,Medium,Buy
SOLUSDT,Solana,2026-03-15T16:35:05.629163,88.3,86.81,88.88,86.62,86.8,1.49,1.716,1362243.684,119539501.57,450195,87.751922,2.26,2.6034,265.5283,0.6246,Medium,Buy
XRPUSDT,XRP,2026-03-15T16:35:05.629163,1.4147,1.3921,1.4211,1.3871,1.3921,0.0226,1.623,54078151.1,75926432.64,293675,1.404013,0.034,2.4424,258.539,0.7612,Medium,Buy
DOGEUSDT,Dogecoin,2026-03-15T16:35:05.629163,0.09619,0.09497,0.09746,0.09436,0.09497,0.00122,1.285,617738769.0,59148133.87,401068,0.095749,0.0031,3.2642,147.4766,0.4606,High,Buy
ADAUSDT,Cardano,2026-03-15T16:35:05.629163,0.2656,0.2607,0.2673,0.2585,0.2607,0.0049,1.88,78158101.4,20513007.03,82390,0.262455,0.0088,3.3755,248.9745,1.1983,High,Buy
AVAXUSDT,Avalanche,2026-03-15T16:35:05.629163,9.82,9.57,9.87,9.54,9.58,0.25,2.612,925075.05,8959307.87,32266,9.684952,0.33,3.4483,277.6702,1.3944,High,Strong Buy
SHIBUSDT,Shiba Inu,2026-03-15T16:35:05.629163,6e-06,6e-06,6e-06,6e-06,6e-06,-0.0,-0.34,470159709745.0,2759941.86,73685,6e-06,0.0,,37.456,0.0,Unknown,Sell
DOTUSDT,Polkadot,2026-03-15T16:35:05.629163,1.434,1.44,1.444,1.392,1.44,-0.006,-0.417,5507907.64,7813574.14,34103,1.41861,0.052,3.6111,229.1169,1.0849,High,Sell
BTCUSDT,Bitcoin,2026-03-15T16:40:05.781085,71678.8,70698.91,71940.49,70500.0,70698.91,979.89,1.386,11181.6433,796403764.89,1707618,71224.214605,1440.49,2.0375,466.3829,0.6382,Medium,Buy
ETHUSDT,Ethereum,2026-03-15T16:40:05.781085,2115.8,2075.03,2123.44,2069.19,2075.02,40.77,1.965,128422.961,268954697.21,1446098,2094.288242,54.25,2.6144,185.9865,1.0272,Medium,Buy
BNBUSDT,Binance Coin,2026-03-15T16:40:05.781085,660.86,652.79,666.55,651.85,652.78,8.07,1.236,52758.946,34700285.32,460004,657.713771,14.7,2.2519,75.4347,0.4784,Medium,Buy
SOLUSDT,Solana,2026-03-15T16:40:05.781085,88.29,86.84,88.88,86.62,86.84,1.45,1.67,1359750.092,119328648.2,449653,87.757779,2.26,2.6025,265.3794,0.6065,Medium,Buy
XRPUSDT,XRP,2026-03-15T16:40:05.781085,1.4142,1.3911,1.4211,1.3871,1.391,0.0231,1.661,54056593.5,75897983.96,293394,1.404047,0.034,2.4441,258.6896,0.7231,Medium,Buy
DOGEUSDT,Dogecoin,2026-03-15T16:40:05.781085,0.09616,0.09512,0.09746,0.09436,0.09513,0.00104,1.093,615420479.0,58927933.64,400120,0.095752,0.0031,3.259,147.2757,0.4261,High,Buy
ADAUSDT,Cardano,2026-03-15T16:40:05.781085,0.2652,0.2608,0.2673,0.2585,0.2608,0.0044,1.687,78458242.2,20593310.76,82638,0.262475,0.0088,3.3742,249.199,1.0382,High,Buy
AVAXUSDT,Avalanche,2026-03-15T16:40:05.781085,9.81,9.58,9.87,9.54,9.57,0.23,2.401,923961.88,8948691.85,32248,9.685131,0.33,3.4447,277.496,1.2893,High,Strong Buy
SHIBUSDT,Shiba Inu,2026-03-15T16:40:05.781085,6e-06,6e-06,6e-06,6e-06,6e-06,-0.0,-0.509,470379058448.0,2761225.7,73698,6e-06,0.0,,37.4668,0.0,Unknown,Sell
DOTUSDT,Polkadot,2026-03-15T16:40:05.781085,1.434,1.44,1.444,1.392,1.439,-0.006,-0.417,5521209.2,7832627.9,34187,1.418644,0.052,3.6111,229.1113,1.0824,High,Sell
BTCUSDT,Bitcoin,2026-03-15T16:45:05.660539,71735.07,70704.95,71940.49,70500.0,70704.96,1030.12,1.457,11179.7565,796312012.42,1708610,71228.028432,1440.49,2.0373,466.0584,0.7119,Medium,Buy
ETHUSDT,Ethereum,2026-03-15T16:45:05.660539,2116.76,2075.16,2123.44,2069.19,2075.15,41.6,2.005,128252.0456,268612345.56,1444095,2094.409834,54.25,2.6143,186.0074,1.0671,Medium,Strong Buy
BNBUSDT,Binance Coin,2026-03-15T16:45:05.660539,660.6,653.29,666.55,651.85,653.29,7.31,1.119,53030.349,34881436.09,461747,657.763653,14.7,2.2501,75.5423,0.4312,Medium,Buy
SOLUSDT,Solana,2026-03-15T16:45:05.660539,88.39,86.88,88.88,86.62,86.88,1.51,1.738,1359745.913,119333132.88,449935,87.761347,2.26,2.6013,265.223,0.7163,Medium,Buy
XRPUSDT,XRP,2026-03-15T16:45:05.660539,1.4153,1.3913,1.4211,1.3871,1.3914,0.024,1.725,54071770.6,75922608.48,293299,1.404108,0.034,2.4438,258.8574,0.7971,Medium,Buy
DOGEUSDT,Dogecoin,2026-03-15T16:45:05.660539,0.09622,0.09528,0.09746,0.09436,0.09529,0.00094,0.987,614163666.0,58809092.26,399050,0.095755,0.0031,3.2536,147.3727,0.4856,High,Buy
ADAUSDT,Cardano,2026-03-15T16:45:05.660539,0.2656,0.2608,0.2673,0.2585,0.2608,0.0048,1.84,78606056.4,20633284.61,82799,0.26249,0.0088,3.3742,249.1973,1.1848,High,Buy
AVAXUSDT,Avalanche,2026-03-15T16:45:05.660539,9.81,9.57,9.87,9.54,9.57,0.24,2.508,935509.01,9062048.92,32382,9.686758,0.33,3.4483,279.8483,1.2723,High,Strong Buy
SHIBUSDT,Shiba Inu,2026-03-15T16:45:05.660539,6e-06,6e-06,6e-06,6e-06,6e-06,-0.0,-0.34,470661617330.0,2762872.65,74027,6e-06,0.0,,37.3225,0.0,Unknown,Sell
DOTUSDT,Polkadot,2026-03-15T16:45:05.660539,1.436,1.439,1.444,1.392,1.439,-0.003,-0.208,5558401.69,7886015.39,34303,1.418756,0.052,3.6136,229.8929,1.2154,High,Sell
BTCUSDT,Bitcoin,2026-03-15T16:50:05.413379,71799.83,70729.45,71940.49,70500.0,70729.45,1070.38,1.513,11186.8127,796835272.17,1709320,71229.875234,1440.49,2.0366,466.1709,0.8002,Medium,Buy
ETHUSDT,Ethereum,2026-03-15T16:50:05.413379,2119.05,2076.1,2123.44,2069.19,2076.11,42.95,2.069,128208.0969,268530517.33,1444932,2094.489536,54.25,2.6131,185.843,1.1726,Medium,Strong Buy
BNBUSDT,Binance Coin,2026-03-15T16:50:05.413379,660.66,653.63,666.55,651.85,653.63,7.03,1.076,53531.293,35213776.62,463372,657.816665,14.7,2.249,75.9946,0.4322,Medium,Buy
SOLUSDT,Solana,2026-03-15T16:50:05.413379,88.53,86.98,88.88,86.62,86.98,1.55,1.782,1357778.667,119177190.82,450212,87.773651,2.26,2.5983,264.7135,0.8617,Medium,Buy
XRPUSDT,XRP,2026-03-15T16:50:05.413379,1.4189,1.3921,1.4211,1.3871,1.392,0.0268,1.925,54314033.1,76270776.75,294099,1.404255,0.034,2.4424,259.3371,1.0429,Medium,Buy
DOGEUSDT,Dogecoin,2026-03-15T16:50:05.413379,0.09641,0.09535,0.09746,0.09436,0.09535,0.00106,1.112,611274714.0,58536193.26,398135,0.095761,0.0031,3.2512,147.026,0.6777,High,Buy
ADAUSDT,Cardano,2026-03-15T16:50:05.413379,0.2658,0.2611,0.2673,0.2585,0.261,0.0047,1.8,78432505.9,20588513.69,82726,0.2625,0.0088,3.3704,248.876,1.2571,High,Buy
AVAXUSDT,Avalanche,2026-03-15T16:50:05.413379,9.8,9.57,9.87,9.54,9.57,0.23,2.403,939453.67,9101143.4,32463,9.687698,0.33,3.4483,280.3544,1.1592,High,Strong Buy
SHIBUSDT,Shiba Inu,2026-03-15T16:50:05.413379,6e-06,6e-06,6e-06,6e-06,6e-06,-0.0,-0.339,470314714913.0,2760828.93,73904,6e-06,0.0,,37.357,0.0,Unknown,Sell
DOTUSDT,Polkadot,2026-03-15T16:50:05.413379,1.437,1.439,1.444,1.392,1.438,-0.002,-0.139,5565253.38,7895798.46,34330,1.418767,0.052,3.6136,229.997,1.2851,High,Sell
BTCUSDT,Bitcoin,2026-03-15T16:55:05.010798,71858.65,70734.9,71940.49,70500.0,70734.9,1123.75,1.589,11252.9972,801621181.03,1708793,71236.237428,1440.49,2.0365,469.1154,0.8737,Medium,Buy
ETHUSDT,Ethereum,2026-03-15T16:55:05.010798,2120.63,2074.43,2123.44,2069.19,2074.42,46.2,2.227,127931.8636,267968067.04,1443353,2094.61552,54.25,2.6152,185.6566,1.242,Medium,Strong Buy
BNBUSDT,Binance Coin,2026-03-15T16:55:05.010798,660.97,653.67,666.55,651.85,653.67,7.3,1.117,53870.193,35439469.63,466535,657.867879,14.7,2.2488,75.9632,0.4715,Medium,Buy
SOLUSDT,Solana,2026-03-15T16:55:05.010798,88.58,86.99,88.88,86.62,86.99,1.59,1.828,1356132.031,119038400.47,450728,87.777884,2.26,2.598,264.1025,0.9138,Medium,Buy
XRPUSDT,XRP,2026-03-15T16:55:05.010798,1.4194,1.3927,1.4211,1.3871,1.3927,0.0267,1.917,54605634.0,76686634.75,294595,1.404372,0.034,2.4413,260.3121,1.0701,Medium,Buy
DOGEUSDT,Dogecoin,2026-03-15T16:55:05.010798,0.09646,0.09531,0.09746,0.09436,0.09532,0.00115,1.207,613130918.0,58717001.64,398300,0.095766,0.0031,3.2525,147.419,0.7247,High,Buy
ADAUSDT,Cardano,2026-03-15T16:55:05.010798,0.2658,0.2609,0.2673,0.2585,0.2608,0.0049,1.878,78585322.8,20630128.37,82824,0.262519,0.0088,3.3729,249.0839,1.2498,High,Buy
AVAXUSDT,Avalanche,2026-03-15T16:55:05.010798,9.81,9.57,9.87,9.54,9.58,0.24,2.508,935164.27,9062039.37,32384,9.690318,0.33,3.4483,279.8308,1.2351,High,Strong Buy
SHIBUSDT,Shiba Inu,2026-03-15T16:55:05.010798,6e-06,6e-06,6e-06,6e-06,6e-06,-0.0,-0.17,470593587707.0,2762456.07,73798,6e-06,0.0,,37.4327,0.0,Unknown,Sell
DOTUSDT,Polkadot,2026-03-15T16:55:05.010798,1.435,1.437,1.444,1.392,1.438,-0.002,-0.139,5643343.09,8008172.57,34606,1.419048,0.052,3.6186,231.4099,1.1241,High,Sell
BTCUSDT,Bitcoin,2026-03-15T17:00:06.103826,71832.36,70758.23,71940.49,70500.0,70758.23,1074.13,1.518,11215.5644,799001256.44,1708797,71240.396834,1440.49,2.0358,467.5811,0.8309,Medium,Buy
ETHUSDT,Ethereum,2026-03-15T17:00:06.103826,2119.82,2073.05,2123.44,2069.19,2073.06,46.77,2.256,127792.453,267694635.31,1439646,2094.760911,54.25,2.6169,185.9448,1.1963,Medium,Strong Buy
BNBUSDT,Binance Coin,2026-03-15T17:00:06.103826,661.41,653.51,666.55,651.85,653.51,7.9,1.209,54807.67,36060540.96,470144,657.94698,14.7,2.2494,76.7011,0.5263,Medium,Buy
SOLUSDT,Solana,2026-03-15T17:00:06.103826,88.54,86.89,88.88,86.62,86.88,1.65,1.899,1353166.506,118783344.07,450067,87.781765,2.26,2.601,263.9237,0.8638,Medium,Buy
XRPUSDT,XRP,2026-03-15T17:00:06.103826,1.4197,1.3925,1.4211,1.3871,1.3925,0.0272,1.953,54616752.3,76705383.7,294468,1.40443,0.034,2.4417,260.488,1.0873,Medium,Buy
DOGEUSDT,Dogecoin,2026-03-15T17:00:06.103826,0.09643,0.09524,0.09746,0.09436,0.09523,0.00119,1.249,612021420.0,58612287.89,398028,0.095768,0.0031,3.2549,147.2567,0.6913,High,Buy
ADAUSDT,Cardano,2026-03-15T17:00:06.103826,0.2657,0.2609,0.2673,0.2585,0.261,0.0048,1.84,78232728.3,20538314.39,82684,0.262528,0.0088,3.3729,248.3953,1.2083,High,Buy
AVAXUSDT,Avalanche,2026-03-15T17:00:06.103826,9.81,9.57,9.87,9.54,9.57,0.24,2.508,930950.37,9021900.85,32303,9.691065,0.33,3.4483,279.2899,1.2273,High,Strong Buy
SHIBUSDT,Shiba Inu,2026-03-15T17:00:06.103826,6e-06,6e-06,6e-06,6e-06,6e-06,-0.0,-0.509,470647780269.0,2762771.73,73806,6e-06,0.0,,37.4329,0.0,Unknown,Sell
DOTUSDT,Polkadot,2026-03-15T17:00:06.103826,1.433,1.437,1.444,1.392,1.437,-0.004,-0.278,5646101.53,8012045.92,34628,1.41904,0.052,3.6186,231.3748,0.9838,High,Sell
BTCUSDT,Bitcoin,2026-03-15T17:05:06.293905,71767.71,70794.14,71940.49,70500.0,70794.15,973.57,1.375,11241.0618,800870631.82,1708307,71245.105444,1440.49,2.0348,468.8095,0.7335,Medium,Buy
ETHUSDT,Ethereum,2026-03-15T17:05:06.293905,2118.73,2076.48,2123.44,2069.19,2076.48,42.25,2.035,127301.445,266693778.35,1435341,2094.978406,54.25,2.6126,185.8052,1.1337,Medium,Strong Buy
BNBUSDT,Binance Coin,2026-03-15T17:05:06.293905,660.66,654.05,666.55,651.85,654.06,6.61,1.011,55577.013,36570168.08,474430,658.00888,14.7,2.2475,77.0823,0.4029,Medium,Buy
SOLUSDT,Solana,2026-03-15T17:05:06.293905,88.45,87.0,88.88,86.62,87.0,1.45,1.667,1342541.674,117863342.2,448834,87.791198,2.26,2.5977,262.599,0.7504,Medium,Buy
XRPUSDT,XRP,2026-03-15T17:05:06.293905,1.4182,1.3933,1.4211,1.3871,1.3933,0.0249,1.787,54665247.5,76778827.98,294201,1.404527,0.034,2.4402,260.9741,0.9735,Medium,Buy
DOGEUSDT,Dogecoin,2026-03-15T17:05:06.293905,0.09625,0.09524,0.09746,0.09436,0.09524,0.00101,1.06,610757577.0,58493200.68,397531,0.095772,0.0031,3.2549,147.1412,0.4991,High,Buy
ADAUSDT,Cardano,2026-03-15T17:05:06.293905,0.2656,0.2608,0.2673,0.2585,0.2608,0.0048,1.84,77883743.7,20447575.4,82494,0.26254,0.0088,3.3742,247.8674,1.1655,High,Buy
AVAXUSDT,Avalanche,2026-03-15T17:05:06.293905,9.81,9.56,9.87,9.54,9.57,0.25,2.615,942930.3,9139997.85,32438,9.693185,0.33,3.4519,281.7682,1.2051,High,Strong Buy
SHIBUSDT,Shiba Inu,2026-03-15T17:05:06.293905,6e-06,6e-06,6e-06,6e-06,6e-06,-0.0,-0.509,465204496393.0,2730675.4,73592,6e-06,0.0,,37.1056,0.0,Unknown,Sell
DOTUSDT,Polkadot,2026-03-15T17:05:06.293905,1.434,1.439,1.444,1.392,1.439,-0.005,-0.347,5643462.1,8008206.15,34605,1.419024,0.052,3.6136,231.4176,1.0554,High,Sell
BTCUSDT,Bitcoin,2026-03-15T17:10:06.506751,71710.1,70736.16,71940.49,70500.0,70736.16,973.94,1.377,11243.3676,801049205.59,1709133,71246.376831,1440.49,2.0364,468.6875,0.6509,Medium,Buy
ETHUSDT,Ethereum,2026-03-15T17:10:06.506751,2116.42,2075.42,2123.44,2069.19,2075.43,41.0,1.976,127124.0838,266330076.65,1434318,2095.040284,54.25,2.6139,185.6841,1.0205,Medium,Buy
BNBUSDT,Binance Coin,2026-03-15T17:10:06.506751,660.12,653.41,666.55,651.85,653.42,6.71,1.027,56158.614,36955345.58,476493,658.053021,14.7,2.2497,77.557,0.3141,Medium,Buy
SOLUSDT,Solana,2026-03-15T17:10:06.506751,88.31,86.96,88.88,86.62,86.96,1.35,1.552,1342253.725,117844850.87,449090,87.796255,2.26,2.5989,262.4081,0.5852,Medium,Buy
XRPUSDT,XRP,2026-03-15T17:10:06.506751,1.4174,1.3917,1.4211,1.3871,1.3918,0.0257,1.847,54712266.8,76848338.84,294215,1.404591,0.034,2.4431,261.1979,0.9119,Medium,Buy
DOGEUSDT,Dogecoin,2026-03-15T17:10:06.506751,0.09619,0.0951,0.09746,0.09436,0.0951,0.00109,1.146,606462499.0,58085596.68,396970,0.095778,0.0031,3.2597,146.3224,0.4302,High,Buy
ADAUSDT,Cardano,2026-03-15T17:10:06.506751,0.2653,0.2607,0.2673,0.2585,0.2606,0.0046,1.764,77793894.6,20425090.27,82496,0.262554,0.0088,3.3755,247.5889,1.0459,High,Buy
AVAXUSDT,Avalanche,2026-03-15T17:10:06.506751,9.8,9.57,9.87,9.54,9.56,0.23,2.403,943308.6,9144210.11,32414,9.693763,0.33,3.4483,282.1068,1.0959,High,Strong Buy
SHIBUSDT,Shiba Inu,2026-03-15T17:10:06.506751,6e-06,6e-06,6e-06,6e-06,6e-06,-0.0,-0.34,463364854651.0,2719817.56,73467,6e-06,0.0,,37.0209,0.0,Unknown,Sell
DOTUSDT,Polkadot,2026-03-15T17:10:06.506751,1.433,1.437,1.444,1.392,1.438,-0.004,-0.278,5638293.14,8000691.65,34611,1.418992,0.052,3.6186,231.1604,0.9872,High,Sell
BTCUSDT,Bitcoin,2026-03-15T17:15:06.526735,71702.75,70731.0,71940.49,70500.0,70731.01,971.75,1.374,11187.8822,797142132.9,1705580,71250.494131,1440.49,2.0366,467.3731,0.6347,Medium,Buy
ETHUSDT,Ethereum,2026-03-15T17:15:06.526735,2115.93,2075.41,2123.44,2069.19,2075.41,40.52,1.952,126953.9497,265984427.13,1432493,2095.125262,54.25,2.6139,185.6794,0.993,Medium,Buy
BNBUSDT,Binance Coin,2026-03-15T17:15:06.526735,660.37,653.21,666.55,651.85,653.2,7.16,1.096,56443.013,37144342.65,477223,658.085752,14.7,2.2504,77.8344,0.3471,Medium,Buy
SOLUSDT,Solana,2026-03-15T17:15:06.526735,88.33,86.99,88.88,86.62,87.0,1.34,1.54,1338550.058,117526428.8,448841,87.801295,2.26,2.598,261.8442,0.6022,Medium,Buy
XRPUSDT,XRP,2026-03-15T17:15:06.526735,1.4174,1.3919,1.4211,1.3871,1.3918,0.0255,1.832,54657520.3,76773378.31,293752,1.404626,0.034,2.4427,261.3544,0.9094,Medium,Buy
DOGEUSDT,Dogecoin,2026-03-15T17:15:06.526735,0.0961,0.09504,0.09746,0.09436,0.09505,0.00106,1.115,605473419.0,57992008.76,396437,0.09578,0.0031,3.2618,146.283,0.3341,High,Buy
ADAUSDT,Cardano,2026-03-15T17:15:06.526735,0.265,0.2608,0.2673,0.2585,0.2608,0.0042,1.61,77743740.4,20412541.5,82572,0.262562,0.0088,3.3742,247.209,0.9285,High,Buy
AVAXUSDT,Avalanche,2026-03-15T17:15:06.526735,9.82,9.56,9.87,9.54,9.56,0.26,2.72,944180.07,9153096.75,32421,9.694228,0.33,3.4519,282.32,1.2974,High,Strong Buy
SHIBUSDT,Shiba Inu,2026-03-15T17:15:06.526735,6e-06,6e-06,6e-06,6e-06,6e-06,-0.0,-0.679,463762023769.0,2722142.24,73484,6e-06,0.0,,37.044,0.0,Unknown,Sell
DOTUSDT,Polkadot,2026-03-15T17:15:06.526735,1.432,1.438,1.444,1.392,1.439,-0.006,-0.417,5642509.22,8006695.27,34648,1.418996,0.052,3.6161,231.0868,0.9164,High,Sell
BTCUSDT,Bitcoin,2026-03-15T17:20:04.620440,71712.53,70733.78,71940.49,70500.0,70733.77,978.75,1.384,11196.7301,797786245.66,1706079,71251.717303,1440.49,2.0365,467.6139,0.6467,Medium,Buy
ETHUSDT,Ethereum,2026-03-15T17:20:04.620440,2116.59,2074.96,2123.44,2069.19,2074.97,41.63,2.006,127033.9217,266161384.7,1432493,2095.199307,54.25,2.6145,185.8029,1.0209,Medium,Strong Buy
BNBUSDT,Binance Coin,2026-03-15T17:20:04.620440,660.88,653.04,666.55,651.85,653.04,7.84,1.201,56804.506,37383774.82,478746,658.112841,14.7,2.251,78.0869,0.4205,Medium,Buy
SOLUSDT,Solana,2026-03-15T17:20:04.620440,88.3,86.98,88.88,86.62,86.98,1.32,1.518,1338915.053,117563317.26,448845,87.804911,2.26,2.5983,261.9241,0.5639,Medium,Buy
XRPUSDT,XRP,2026-03-15T17:20:04.620440,1.4161,1.3927,1.4211,1.3871,1.3928,0.0234,1.68,54684753.4,76813883.48,293752,1.404667,0.034,2.4413,261.4923,0.8139,Medium,Buy
DOGEUSDT,Dogecoin,2026-03-15T17:20:04.620440,0.09617,0.0951,0.09746,0.09436,0.0951,0.00107,1.125,606711077.0,58111493.72,396444,0.095781,0.0031,3.2597,146.5818,0.4061,High,Buy
ADAUSDT,Cardano,2026-03-15T17:20:04.620440,0.265,0.2607,0.2673,0.2585,0.2606,0.0043,1.649,77688699.9,20398416.13,82511,0.262566,0.0088,3.3755,247.2206,0.927,High,Buy
AVAXUSDT,Avalanche,2026-03-15T17:20:04.620440,9.82,9.55,9.87,9.54,9.55,0.27,2.827,945364.18,9165148.43,32421,9.694834,0.33,3.4555,282.6917,1.2911,High,Strong Buy
SHIBUSDT,Shiba Inu,2026-03-15T17:20:04.620440,6e-06,6e-06,6e-06,6e-06,6e-06,-0.0,-0.51,464168918365.0,2724518.35,73230,6e-06,0.0,,37.2049,0.0,Unknown,Sell
DOTUSDT,Polkadot,2026-03-15T17:20:04.620440,1.434,1.443,1.444,1.392,1.442,-0.009,-0.624,5632349.82,7992024.92,34605,1.41895,0.052,3.6036,230.95,1.0606,High,Sell
BTCUSDT,Bitcoin,2026-03-15T17:25:06.025500,71699.09,70765.79,71940.49,70500.0,70765.79,933.3,1.319,11192.8113,797520523.4,1706429,71252.923406,1440.49,2.0356,467.3623,0.6262,Medium,Buy
ETHUSDT,Ethereum,2026-03-15T17:25:06.025500,2115.83,2076.85,2123.44,2069.19,2076.85,38.98,1.877,126792.2992,265667515.75,1432195,2095.296934,54.25,2.6121,185.4967,0.98,Medium,Buy
BNBUSDT,Binance Coin,2026-03-15T17:25:06.025500,661.24,653.22,666.55,651.85,653.22,8.02,1.228,56927.52,37466007.03,479638,658.13524,14.7,2.2504,78.1131,0.4718,Medium,Buy
SOLUSDT,Solana,2026-03-15T17:25:06.025500,88.32,87.07,88.88,86.62,87.08,1.25,1.436,1336377.267,117344170.13,448675,87.807667,2.26,2.5956,261.5349,0.5835,Medium,Buy
XRPUSDT,XRP,2026-03-15T17:25:06.025500,1.4155,1.3925,1.4211,1.3871,1.3925,0.023,1.652,54463920.6,76518278.39,293351,1.404935,0.034,2.4417,260.8421,0.752,Medium,Buy
DOGEUSDT,Dogecoin,2026-03-15T17:25:06.025500,0.09618,0.09516,0.09746,0.09436,0.09515,0.00102,1.072,605418760.0,57988781.57,396155,0.095783,0.0031,3.2577,146.379,0.4145,High,Buy
ADAUSDT,Cardano,2026-03-15T17:25:06.025500,0.265,0.2608,0.2673,0.2585,0.2607,0.0042,1.61,77672514.5,20394368.65,82531,0.262569,0.0088,3.3742,247.1116,0.9259,High,Buy
AVAXUSDT,Avalanche,2026-03-15T17:25:06.025500,9.82,9.57,9.87,9.54,9.56,0.25,2.612,943778.1,9150351.11,32359,9.695448,0.33,3.4483,282.7761,1.2846,High,Strong Buy
SHIBUSDT,Shiba Inu,2026-03-15T17:25:06.025500,6e-06,6e-06,6e-06,6e-06,6e-06,-0.0,-0.51,464621591270.0,2727152.67,73459,6e-06,0.0,,37.1248,0.0,Unknown,Sell
DOTUSDT,Polkadot,2026-03-15T17:25:06.025500,1.434,1.443,1.443,1.392,1.442,-0.009,-0.624,5617298.56,7970205.67,34570,1.418868,0.051,3.5343,230.5527,1.0665,High,Sell
BTCUSDT,Bitcoin,2026-03-15T17:30:06.368730,71703.84,70713.77,71940.49,70500.0,70713.77,990.07,1.4,11189.0871,797269584.79,1705208,71254.211724,1440.49,2.0371,467.5498,0.631,Medium,Buy
ETHUSDT,Ethereum,2026-03-15T17:30:06.368730,2116.83,2074.7,2123.44,2069.19,2074.69,42.13,2.031,126606.0483,265286010.55,1430848,2095.366012,54.25,2.6148,185.4047,1.0244,Medium,Strong Buy
BNBUSDT,Binance Coin,2026-03-15T17:30:06.368730,661.09,653.03,666.55,651.85,653.04,8.06,1.234,57216.83,37657829.01,481044,658.160003,14.7,2.251,78.2835,0.4452,Medium,Buy
SOLUSDT,Solana,2026-03-15T17:30:06.368730,88.41,87.02,88.88,86.62,87.02,1.39,1.597,1332856.734,117039910.58,448383,87.811321,2.26,2.5971,261.0266,0.6818,Medium,Buy
XRPUSDT,XRP,2026-03-15T17:30:06.368730,1.417,1.3905,1.4211,1.3871,1.3905,0.0265,1.906,54294795.2,76284894.5,292645,1.405013,0.034,2.4452,260.6738,0.8532,Medium,Buy
DOGEUSDT,Dogecoin,2026-03-15T17:30:06.368730,0.0963,0.09497,0.09746,0.09436,0.09497,0.00133,1.4,601260574.0,57594510.65,395941,0.09579,0.0031,3.2642,145.4624,0.5324,High,Buy
ADAUSDT,Cardano,2026-03-15T17:30:06.368730,0.2656,0.2606,0.2673,0.2585,0.2606,0.005,1.919,77625860.4,20382571.09,82565,0.262574,0.0088,3.3768,246.867,1.1524,High,Buy
AVAXUSDT,Avalanche,2026-03-15T17:30:06.368730,9.85,9.55,9.87,9.54,9.55,0.3,3.141,946411.15,9176606.59,32419,9.696216,0.33,3.4555,283.0626,1.586,High,Strong Buy
SHIBUSDT,Shiba Inu,2026-03-15T17:30:06.368730,6e-06,6e-06,6e-06,6e-06,6e-06,-0.0,-0.51,463539195779.0,2720779.64,73110,6e-06,0.0,,37.2149,0.0,Unknown,Sell
DOTUSDT,Polkadot,2026-03-15T17:30:06.368730,1.439,1.441,1.442,1.392,1.441,-0.002,-0.139,5632416.89,7991913.35,34660,1.418914,0.05,3.4698,230.5803,1.4156,High,Sell
BTCUSDT,Bitcoin,2026-03-15T17:35:05.185565,71693.61,70689.58,71940.49,70500.0,70689.58,1004.03,1.42,11123.1729,792614434.65,1702599,71257.944081,1440.49,2.0378,465.5321,0.6114,Medium,Buy
ETHUSDT,Ethereum,2026-03-15T17:35:05.185565,2115.76,2072.59,2123.44,2069.19,2072.59,43.17,2.083,126452.2442,264972639.49,1428447,2095.436433,54.25,2.6175,185.497,0.9699,Medium,Strong Buy
BNBUSDT,Binance Coin,2026-03-15T17:35:05.185565,660.82,652.99,666.55,651.85,652.99,7.83,1.199,57300.936,37714649.88,480845,658.185581,14.7,2.2512,78.4341,0.4003,Medium,Buy
SOLUSDT,Solana,2026-03-15T17:35:05.185565,88.41,86.89,88.88,86.62,86.9,1.52,1.749,1328925.051,116699906.27,447409,87.815266,2.26,2.601,260.835,0.6773,Medium,Buy
XRPUSDT,XRP,2026-03-15T17:35:05.185565,1.4192,1.3902,1.4211,1.3871,1.3903,0.029,2.086,54221367.4,76184651.31,292325,1.405067,0.034,2.4457,260.6163,1.0059,Medium,Strong Buy
DOGEUSDT,Dogecoin,2026-03-15T17:35:05.185565,0.09644,0.09494,0.09746,0.09436,0.09494,0.0015,1.58,601217008.0,57591273.76,395809,0.095791,0.0031,3.2652,145.5027,0.6775,High,Buy
ADAUSDT,Cardano,2026-03-15T17:35:05.185565,0.2659,0.2603,0.2673,0.2585,0.2603,0.0056,2.151,77511582.6,20353195.79,82496,0.262583,0.0088,3.3807,246.7174,1.2632,High,Strong Buy
AVAXUSDT,Avalanche,2026-03-15T17:35:05.185565,9.87,9.56,9.88,9.54,9.55,0.31,3.243,949730.8,9209782.48,32571,9.697256,0.34,3.5565,282.7602,1.7814,High,Strong Buy
SHIBUSDT,Shiba Inu,2026-03-15T17:35:05.185565,6e-06,6e-06,6e-06,6e-06,6e-06,-0.0,-0.34,460980560584.0,2705700.48,72821,6e-06,0.0,,37.1555,0.0,Unknown,Sell
DOTUSDT,Polkadot,2026-03-15T17:35:05.185565,1.438,1.441,1.442,1.392,1.441,-0.003,-0.208,5689410.84,8073792.98,34810,1.419091,0.05,3.4698,231.9389,1.3325,High,Sell
BTCUSDT,Bitcoin,2026-03-15T17:40:06.055718,71709.84,70659.76,71940.49,70500.0,70659.77,1050.08,1.486,11103.4631,791238147.96,1702334,71260.483532,1440.49,2.0386,464.7961,0.6306,Medium,Buy
ETHUSDT,Ethereum,2026-03-15T17:40:06.055718,2115.55,2071.39,2123.44,2069.19,2071.39,44.16,2.132,125978.3881,264005446.96,1426514,2095.640776,54.25,2.619,185.0704,0.95,Medium,Strong Buy
BNBUSDT,Binance Coin,2026-03-15T17:40:06.055718,660.6,652.72,666.55,651.85,652.71,7.88,1.207,57589.563,37906054.19,481994,658.210485,14.7,2.2521,78.6442,0.363,Medium,Buy
SOLUSDT,Solana,2026-03-15T17:40:06.055718,88.41,86.87,88.88,86.62,86.87,1.54,1.773,1325384.728,116395666.09,449333,87.820286,2.26,2.6016,259.041,0.6715,Medium,Buy
XRPUSDT,XRP,2026-03-15T17:40:06.055718,1.4194,1.3887,1.4229,1.3871,1.3888,0.0307,2.211,54773587.9,76975266.4,294095,1.405335,0.0358,2.578,261.7361,1.0008,Medium,Strong Buy
DOGEUSDT,Dogecoin,2026-03-15T17:40:06.055718,0.09631,0.09484,0.09746,0.09436,0.09483,0.00147,1.55,599969709.0,57473341.95,395688,0.095794,0.0031,3.2687,145.2491,0.5387,High,Buy
ADAUSDT,Cardano,2026-03-15T17:40:06.055718,0.2659,0.2602,0.2673,0.2585,0.2602,0.0057,2.191,77238389.2,20283379.58,82431,0.262607,0.0088,3.382,246.0649,1.254,High,Strong Buy
AVAXUSDT,Avalanche,2026-03-15T17:40:06.055718,9.87,9.56,9.88,9.54,9.55,0.31,3.243,945040.58,9165890.34,32595,9.698938,0.34,3.5565,281.2054,1.7637,High,Strong Buy
SHIBUSDT,Shiba Inu,2026-03-15T17:40:06.055718,6e-06,6e-06,6e-06,6e-06,6e-06,,,462232770370.0,2713048.09,73262,6e-06,0.0,,37.0321,0.0,Unknown,Neutral
DOTUSDT,Polkadot,2026-03-15T17:40:06.055718,1.441,1.439,1.444,1.392,1.439,0.002,0.139,5719704.55,8117455.89,34940,1.419209,0.052,3.6136,232.3256,1.5354,High,Buy
BTCUSDT,Bitcoin,2026-03-15T17:45:07.107274,71589.88,70664.26,71940.49,70500.0,70664.26,925.62,1.31,11103.0192,791294901.41,1706423,71268.443746,1440.49,2.0385,463.7156,0.451,Medium,Buy
ETHUSDT,Ethereum,2026-03-15T17:45:07.107274,2110.13,2071.85,2123.44,2069.19,2071.85,38.28,1.848,127009.4124,266195744.99,1434593,2095.874156,54.25,2.6184,185.5549,0.6802,Medium,Buy
BNBUSDT,Binance Coin,2026-03-15T17:45:07.107274,660.16,652.91,666.55,651.85,652.91,7.25,1.11,57958.253,38151074.95,483426,658.250948,14.7,2.2515,78.9181,0.29,Medium,Buy
SOLUSDT,Solana,2026-03-15T17:45:07.107274,88.29,86.94,88.88,86.62,86.95,1.35,1.553,1325972.678,116456599.08,455086,87.827299,2.26,2.5995,255.9002,0.5268,Medium,Buy
XRPUSDT,XRP,2026-03-15T17:45:07.107274,1.4202,1.3887,1.4229,1.3871,1.3888,0.0315,2.268,55011041.6,77321310.25,295119,1.40556,0.0358,2.578,262.0004,1.0416,Medium,Strong Buy
DOGEUSDT,Dogecoin,2026-03-15T17:45:07.107274,0.09626,0.09478,0.09746,0.09436,0.09478,0.00148,1.562,599730153.0,57451481.52,396397,0.095796,0.0031,3.2707,144.9342,0.4844,High,Buy
ADAUSDT,Cardano,2026-03-15T17:45:07.107274,0.2656,0.2602,0.2673,0.2585,0.2601,0.0054,2.075,77081343.8,20242964.0,82530,0.262618,0.0088,3.382,245.2801,1.1355,High,Strong Buy
AVAXUSDT,Avalanche,2026-03-15T17:45:07.107274,9.85,9.55,9.88,9.54,9.56,0.3,3.141,947105.52,9188050.39,32825,9.70119,0.34,3.5602,279.9101,1.5339,High,Strong Buy
SHIBUSDT,Shiba Inu,2026-03-15T17:45:07.107274,6e-06,6e-06,6e-06,6e-06,6e-06,-0.0,-0.34,472606472952.0,2773838.65,73875,6e-06,0.0,,37.5477,0.0,Unknown,Sell
DOTUSDT,Polkadot,2026-03-15T17:45:07.107274,1.439,1.439,1.444,1.392,1.439,,,5716665.03,8113079.57,34957,1.419198,0.052,3.6136,232.0874,1.3953,High,Neutral
